episode,score
0,-202.063641444
1,-111.351656258
2,-78.3400959549
3,46.1664149532
4,108.037406989
5,173.362246255
6,200.552231852
